class,type,optional,name,showif,label,choice1,choice2,choice3,choice4,choice5,choice6,choice7,choice8,choice9,value
,note,,start,,# Encuesta Núcleo Milenio en Política Laboral y Vida Familiar y Colectiva (LABOFAM),,,,,,,,,,
,note,,start_text,,"Usted ha sido invitado/a a participar en la investigación del Núcleo Milenio en Política Laboral y Vida Familiar y Colectiva (LABOFAM) que tiene por objetivo central estudiar qué efectos laborales, familiares y políticos tienen las leyes recientemente implementadas para facilitar la conciliación entre trabajo, vida personal y familiar. Se seleccionaron al azar 2.000 personas que trabajaran en grandes empresas privadas en las regiones de Valparaíso, Metropolitana y Maule, y usted ha sido invitado/a a participar del estudio porque trabaja en la empresa que seleccionamos para esta investigación.

Los investigadores responsables de este estudio son el Dr. Pablo Pérez Ahumada, y la Dra. Julieta Palma Palma, ambos del Departamento de Sociología de la Universidad de Chile. La investigación es patrocinada por la Agencia Nacional de Investigación y Desarrollo (ANID), del Gobierno de Chile, a través de la Iniciativa Milenio 2024.

Para decidir participar en esta investigación, es importante que considere la siguiente información. Siéntase libre de preguntar cualquier asunto que no le quede claro:

**Participación**: Su participación consistirá en responder una encuesta de alrededor de 35 minutos. En la encuesta se abordarán sus opiniones sobre los siguientes temas: su trabajo (por ejemplo, relación con sus colegas y sus jefaturas, la opinión que usted tiene sobre las nuevas modalidades de trabajo que se han implementado recientemente, entre otras cosas), su vida familiar (por ejemplo, con quienes vive, cómo describiría su vida en familia, entre otras cosas); y su participación en organizaciones sociales (por ejemplo, organizaciones civiles, culturales, políticas, entre otras). Sus respuestas serán registradas de forma totalmente anónima. Usted puede decidir si responder o no alguna pregunta o dar por terminada la encuesta cuando lo estime conveniente.

Dado que esta investigación tiene como objetivo analizar la evolución de su información a lo largo del tiempo, mediante este consentimiento solicitamos su autorización para contactarlo/a en el futuro en un total de cuatro ocasiones. Esto significa que le aplicaremos el cuestionario cuatro veces durante su participación en el estudio, con un intervalo aproximado de seis meses entre cada contacto.

**Riesgos**: Su participación no conlleva riesgos para usted. Le recordamos que esta encuesta está siendo realizada con los más estrictos protocolos de protección de la anonimidad, por lo que las posibilidades de que se vulnere la confidencialidad son muy bajos.

**Beneficios**: Usted no recibirá ningún beneficio directo, ni recompensa alguna, por participar en este estudio. No obstante, su participación permitirá generar información para conocer de mejor manera los efectos laborales, familiares y políticos que tienen las leyes recientemente implementadas para facilitar la conciliación entre trabajo, vida personal y familiar. Asimismo, al ser parte de esta investigación, usted podrá tener un espacio para conversar sobre temas de interés, para expresar sus opiniones y para aprender más sobre el tema estudiado.

Adicionalmente, se les brindará un espacio para conversar y desahogarse respecto a los temas abordados durante la aplicación del cuestionario. Asimismo, tendrán la oportunidad de asistir, sin costo alguno, a talleres y charlas organizados por el Núcleo Milenio, donde se presentarán los resultados preliminares y finales del estudio. En estos encuentros se reconocerá y visibilizará la participación de quienes respondieron las encuestas, destacando la importancia de su contribución y su rol fundamental en la generación de conocimiento científico novedoso e información relevante sobre la percepción y aplicación de las nuevas políticas laborales en nuestro país.

**Voluntariedad**: Su participación es absolutamente voluntaria. Usted tendrá la libertad de contestar las preguntas que desee, como también de detener su participación en cualquier momento que lo desee. Esto no implicará ningún perjuicio para usted.

**Confidencialidad**: Todas sus opiniones serán confidenciales, y mantenidas en estricta reserva. En las presentaciones y publicaciones de esta investigación, su nombre no aparecerá asociado a ninguna opinión particular. Para resguardar el anonimato, la empresa encargada de aplicar esta encuesta ha firmado un acuerdo de confidencialidad en donde se compromete a no divulgar en ningún lugar su identidad. Para ello, sus respuestas serán asignadas a un código que reemplazará toda su información personal. De esta manera, los resultados de esta encuesta serán presentados de forma totalmente anónima.

**Conocimiento de los resultados**: Usted tiene derecho a conocer los resultados de esta investigación. Para ello, al finalizar la investigación, se le enviará por correo electrónico un resumen ejecutivo y se le invitará a los seminarios en donde se expondrán los principales resultados del estudio.

Los resultados derivarán en la elaboración de artículos científicos, presentaciones en congresos nacionales e internacionales, y materiales de divulgación no técnica, tales como infografías, policy briefs u otros formatos de comunicación científica en lenguaje sencillo para ser difundidos por nuestras redes sociales y página web para su uso de manera liberada.

Por otro lado, los datos sin identificador podrán ser compartidos con la comunidad científica para contribuir al avance del conocimiento. Como se indicó anteriormente, eliminaremos o codificaremos toda información personal que pudiera permitir la identificación de los/as participantes antes de compartir los archivos con otros investigadores. De esta forma, y conforme a los estándares científicos actuales, se garantiza que nadie podrá ser identificado a partir de la información difundida. Las bases de datos resultantes estarán alojadas en el Repositorio de Datos de la Universidad de Chile (https://datos.uchile.cl/), bajo la cuenta del director de este proyecto de investigación.

**Datos de contacto:** 
Si requiere más información o comunicarse por cualquier motivo relacionado con esta investigación, puede contactar a los Investigadores Responsables de este estudio:

**Pablo Pérez Ahumada**
Teléfono: (56-2) 2978 77 82
Dirección: Facultad de Ciencias Sociales, Universidad de Chile. Av. Ignacio Carrera Pinto 1045, Ñuñoa, Santiago.
Correo Electrónico: pabloperez@uchile.cl

**Julieta Palma Palma**
Teléfono: (56-9) 9592 11 54
Dirección: Facultad de Ciencias Sociales, Universidad de Chile. Av. Ignacio Carrera Pinto 1045, Ñuñoa, Santiago.
Correo Electrónico: jpalma@uchile.cl

También puede comunicarse con el Comité de Ética de la Investigación que aprobó este estudio:

Comité de Ética de la Investigación
Facultad de Ciencias Sociales
Universidad de Chile
Teléfonos: (56-2) 29772443
Dirección: Av. Ignacio Carrera Pinto 1045, Ñuñoa, Santiago. Facultad de Ciencias Sociales. Universidad de Chile.
Correo Electrónico: comite.etica@facso.cl
",,,,,,,,,,
mc_vertical answer_below_label,mc,,start_01,,"Si acepta participar en este estudio, por favor haga clic en la celda de abajo que indica que acepta participar voluntariamente. Al aceptar participar usted declara que lo hace de forma informada, es decir, que ha leído y comprendido las condiciones de su participación en este estudio en los términos antes señalados, y ha tenido la oportunidad de hacer preguntas y que estas sean respondidas, sin que le queden dudas al respecto. Una vez que acepte participar haciendo clic en la celda respectiva, se le dará acceso a la encuesta del estudio. ¡Muchas gracias!","Sí, acepto voluntariamente participar en este estudio.",No acepto participar en este estudio.,,,,,,,,
,block,,start_no,start_01 == 2,"Si no acepta participar del estudio, no podrá continuar",,,,,,,,,,
answer_below_label,email,*,correo,,Correo electrónico para devolución de los resultados y envío de copia adicional de este consentimiento informado:,,,,,,,,,,
mc_vertical answer_below_label,mc si_no,*,numero_acepta,,**¿Acepta ser contactado/a por teléfono para recibir información del estudio?**,,,,,,,,,,
answer_below_label,text,*,numero,"numero_acepta==""Sí""",Número telefónico de contacto:,,,,,,,,,,
,submit,*,send0001,,Continuar,,,,,,,,,,
mc_vertical answer_below_label,mc,,e00_01,,**¿Tiene hijos que tengan entre 0 y 13 años de edad?**,Sí,No,,,,,,,,
,block,,start_condicion1,e00_01 == 2,"Lamentablemente, no cumple con los requisitos para participar de este estudio",,,,,,,,,,
mc_vertical answer_below_label,mc,,e00_02,,**¿Se encontraba Ud. trabajando en esta empresa desde al menos julio de 2023?**,Sí,No,,,,,,,,
,block,,start_condicion2,e00_02 == 2,"Lamentablemente, no cumple con los requisitos para participar de este estudio",,,,,,,,,,
mc_vertical answer_below_label,mc,,e00_03,,"**En la empresa donde trabaja ¿tiene Ud. una posición directiva o de gerente de alto nivel? Por ejemplo, puede contratar y despedir trabajadores/as**",Sí,No,,,,,,,,
,block,,start_condicion3,e00_03 == 1,"Lamentablemente, no cumple con los requisitos para participar de este estudio",,,,,,,,,,
,submit,,send00,,Continuar,,,,,,,,,,
,note,*,mod5,,# **Módulo E. Demográficos I**,,,,,,,,,,
answer_below_label,"number 1,20,1",*,e01,,"**e01. Incluyéndose a Ud., ¿cuántas personas viven habitualmente en su hogar? Incluyendo guaguas**",,,,,,,,,,
answer_below_label,note,*,names,,"**e02. Por favor, ¿podría indicarme los nombres de las personas que viven habitualmente en su hogar?**",,,,,,,,,,
mc_vertical answer_below_label,text 50,*,e02_n1,,**e02_n1. Nombre persona 1**,,,,,,,,,,
mc_vertical answer_below_label,number,*,e03_n1,,**e03_n1. ¿Qué edad tiene?**,,,,,,,,,,
mc_vertical answer_below_label,mc,*,e04_n1,,**e04_n1. ¿Cuál es el sexo?**,Hombre,Mujer,Otro,,,,,,,
mc_vertical answer_below_label,mc parentesco,*,e05_n1,,**e05_n1. ¿Qué relación tiene con la jefatura de hogar?**,,,,,,,,,,
answer_below_label,number,,e05_anios_pareja_n1,e05_n1==2|e05_n1==3,**e05_anios_pareja. ¿Hace cuántos años?**,,,,,,,,,,
mc_vertical answer_below_label,mc civil,*,e06_n1,e03_n1>17,**e06_n1. ¿Cuál es el estado civil actual?**,,,,,,,,,,
mc_vertical answer_below_label,mc educ,*,e07_n1,,**e07_n1. ¿Cuál fue el mayor nivel de educación que alcanzó? **,,,,,,,,,,
mc_vertical answer_below_label,text 50,*,e02_n2,count_SN > 1,**e02_n2. Nombre persona 2**,,,,,,,,,,
mc_vertical answer_below_label,number,*,e03_n2,count_SN > 1,**e03_n2. ¿Qué edad tiene?**,,,,,,,,,,
mc_vertical answer_below_label,mc,*,e04_n2,count_SN > 1,**e04_n2. ¿Cuál es el sexo?**,Hombre,Mujer,Otro,,,,,,,
mc_vertical answer_below_label,mc parentesco,*,e05_n2,count_SN > 1,**e05_n2. ¿Qué relación tiene con jefatura de hogar?**,,,,,,,,,,
answer_below_label,number,,e05_anios_pareja_n2,e05_n2==2|e05_n2==3,**e05_anios_pareja. ¿Hace cuántos años?**,,,,,,,,,,
mc_vertical answer_below_label,mc civil,*,e06_n2,count_SN > 1 && e03_n2>17,**e06_n2. ¿Cuál es el estado civil actual?**,,,,,,,,,,
mc_vertical answer_below_label,mc educ,*,e07_n2,count_SN > 1,**e07_n2. ¿Cuál fue el mayor nivel de educación que alcanzó? **,,,,,,,,,,
mc_vertical answer_below_label,text 50,*,e02_n3,count_SN > 2,**e02_n3. Nombre persona 3**,,,,,,,,,,
mc_vertical answer_below_label,number,*,e03_n3,count_SN > 2,**e03_n3. ¿Qué edad tiene?**,,,,,,,,,,
mc_vertical answer_below_label,mc,*,e04_n3,count_SN > 2,**e04_n3. ¿Cuál es el sexo?**,Hombre,Mujer,Otro,,,,,,,
mc_vertical answer_below_label,mc parentesco,*,e05_n3,count_SN > 2,**e05_n3. ¿Qué relación tiene con jefatura de hogar?**,,,,,,,,,,
answer_below_label,number,,e05_anios_pareja_n3,e05_n3==2|e05_n3==3,**e05_anios_pareja. ¿Hace cuántos años?**,,,,,,,,,,
mc_vertical answer_below_label,mc civil,*,e06_n3,count_SN > 2  && e03_n3>17,**e06_n3. ¿Cuál es el estado civil actual?**,,,,,,,,,,
mc_vertical answer_below_label,mc educ,*,e07_n3,count_SN > 2,**e07_n3. ¿Cuál fue el mayor nivel de educación que alcanzó? **,,,,,,,,,,
mc_vertical answer_below_label,text 50,*,e02_n4,count_SN > 3,**e02_n4. Nombre persona 4**,,,,,,,,,,
mc_vertical answer_below_label,number,*,e03_n4,count_SN > 3,**e03_n4. ¿Qué edad tiene?**,,,,,,,,,,
mc_vertical answer_below_label,mc,*,e04_n4,count_SN > 3,**e04_n4. ¿Cuál es el sexo?**,Hombre,Mujer,Otro,,,,,,,
mc_vertical answer_below_label,mc parentesco,*,e05_n4,count_SN > 3,**e05_n4. ¿Qué relación tiene con jefatura de hogar?**,,,,,,,,,,
answer_below_label,number,,e05_anios_pareja_n4,e05_n4==2|e05_n4==3,**e05_anios_pareja. ¿Hace cuántos años?**,,,,,,,,,,
mc_vertical answer_below_label,mc civil,*,e06_n4,count_SN > 3  && e03_n4>17,**e06_n4. ¿Cuál es el estado civil actual?**,,,,,,,,,,
mc_vertical answer_below_label,mc educ,*,e07_n4,count_SN > 3,**e07_n4. ¿Cuál fue el mayor nivel de educación que alcanzó? **,,,,,,,,,,
mc_vertical answer_below_label,text 50,*,e02_n5,count_SN > 4,**e02_n5. Nombre persona 5**,,,,,,,,,,
mc_vertical answer_below_label,number,*,e03_n5,count_SN > 4,**e03_n5. ¿Qué edad tiene?**,,,,,,,,,,
mc_vertical answer_below_label,mc,*,e04_n5,count_SN > 4,**e04_n5. ¿Cuál es el sexo?**,Hombre,Mujer,Otro,,,,,,,
mc_vertical answer_below_label,mc parentesco,*,e05_n5,count_SN > 4,**e05_n5. ¿Qué relación tiene con jefatura de hogar?**,,,,,,,,,,
answer_below_label,number,,e05_anios_pareja_n5,e05_n5==2|e05_n5==3,**e05_anios_pareja. ¿Hace cuántos años?**,,,,,,,,,,
mc_vertical answer_below_label,mc civil,*,e06_n5,count_SN > 4  && e03_n5>17,**e06_n5. ¿Cuál es el estado civil actual?**,,,,,,,,,,
mc_vertical answer_below_label,mc educ,*,e07_n5,count_SN > 4,**e07_n5. ¿Cuál fue el mayor nivel de educación que alcanzó? **,,,,,,,,,,
mc_vertical answer_below_label,text 50,*,e02_n6,count_SN > 5,**e02_n6. Nombre persona 6**,,,,,,,,,,
mc_vertical answer_below_label,number,*,e03_n6,count_SN > 5,**e03_n6. ¿Qué edad tiene?**,,,,,,,,,,
mc_vertical answer_below_label,mc,*,e04_n6,count_SN > 5,**e04_n6. ¿Cuál es el sexo?**,Hombre,Mujer,Otro,,,,,,,
mc_vertical answer_below_label,mc parentesco,*,e05_n6,count_SN > 5,**e05_n6. ¿Qué relación tiene con jefatura de hogar?**,,,,,,,,,,
answer_below_label,number,,e05_anios_pareja_n6,e05_n6==2|e05_n6==3,**e05_anios_pareja. ¿Hace cuántos años?**,,,,,,,,,,
mc_vertical answer_below_label,mc civil,*,e06_n6,count_SN > 5  && e03_n6>17,**e06_n6. ¿Cuál es el estado civil actual?**,,,,,,,,,,
mc_vertical answer_below_label,mc educ,*,e07_n6,count_SN > 5,**e07_n6. ¿Cuál fue el mayor nivel de educación que alcanzó? **,,,,,,,,,,
mc_vertical answer_below_label,text 50,*,e02_n7,count_SN > 6,**e02_n7. Nombre persona 7**,,,,,,,,,,
mc_vertical answer_below_label,number,*,e03_n7,count_SN > 6,**e03_n7. ¿Qué edad tiene?**,,,,,,,,,,
mc_vertical answer_below_label,mc,*,e04_n7,count_SN > 6,**e04_n7. ¿Cuál es el sexo?**,Hombre,Mujer,Otro,,,,,,,
mc_vertical answer_below_label,mc parentesco,*,e05_n7,count_SN > 6,**e05_n7. ¿Qué relación tiene con jefatura de hogar?**,,,,,,,,,,
answer_below_label,number,,e05_anios_pareja_n7,e05_n7==2|e05_n7==3,**e05_anios_pareja. ¿Hace cuántos años?**,,,,,,,,,,
mc_vertical answer_below_label,mc civil,*,e06_n7,count_SN > 6 && e03_n7>17,**e06_n7. ¿Cuál es el estado civil actual?**,,,,,,,,,,
mc_vertical answer_below_label,mc educ,*,e07_n7,count_SN > 6,**e07_n7. ¿Cuál fue el mayor nivel de educación que alcanzó? **,,,,,,,,,,
mc_vertical answer_below_label,text 50,*,e02_n8,count_SN > 7,**e02_n8. Nombre persona 8**,,,,,,,,,,
mc_vertical answer_below_label,number,*,e03_n8,count_SN > 7,**e03_n8. ¿Qué edad tiene?**,,,,,,,,,,
mc_vertical answer_below_label,mc,*,e04_n8,count_SN > 7,**e04_n8. ¿Cuál es el sexo?**,Hombre,Mujer,Otro,,,,,,,
mc_vertical answer_below_label,mc parentesco,*,e05_n8,count_SN > 7,**e05_n8. ¿Qué relación tiene con jefatura de hogar?**,,,,,,,,,,
answer_below_label,number,,e05_anios_pareja_n8,e05_n8==2|e05_n8==3,**e05_anios_pareja. ¿Hace cuántos años?**,,,,,,,,,,
mc_vertical answer_below_label,mc civil,*,e06_n8,count_SN > 7  && e03_n8>17,**e06_n8. ¿Cuál es el estado civil actual?**,,,,,,,,,,
mc_vertical answer_below_label,mc educ,*,e07_n8,count_SN > 7,**e07_n8. ¿Cuál fue el mayor nivel de educación que alcanzó? **,,,,,,,,,,
mc_vertical answer_below_label,text 50,*,e02_n9,count_SN > 8,**e02_n9. Nombre persona 9**,,,,,,,,,,
mc_vertical answer_below_label,number,*,e03_n9,count_SN > 8,**e03_n9. ¿Qué edad tiene?**,,,,,,,,,,
mc_vertical answer_below_label,mc,*,e04_n9,count_SN > 8,**e04_n9. ¿Cuál es el sexo?**,Hombre,Mujer,Otro,,,,,,,
mc_vertical answer_below_label,mc parentesco,*,e05_n9,count_SN > 8,**e05_n9. ¿Qué relación tiene con jefatura de hogar?**,,,,,,,,,,
answer_below_label,number,,e05_anios_pareja_n9,e05_n9==2|e05_n9==3,**e05_anios_pareja. ¿Hace cuántos años?**,,,,,,,,,,
mc_vertical answer_below_label,mc civil,*,e06_n9,count_SN > 8  && e03_n9>17,**e06_n9. ¿Cuál es el estado civil actual?**,,,,,,,,,,
mc_vertical answer_below_label,mc educ,*,e07_n9,count_SN > 8,**e07_n9. ¿Cuál fue el mayor nivel de educación que alcanzó? **,,,,,,,,,,
mc_vertical answer_below_label,text 50,*,e02_n10,count_SN > 9,**e02_n10. Nombre persona 10**,,,,,,,,,,
mc_vertical answer_below_label,number,*,e03_n10,count_SN > 9,**e03_n10. ¿Qué edad tiene?**,,,,,,,,,,
mc_vertical answer_below_label,mc,*,e04_n10,count_SN > 9,**e04_n10. ¿Cuál es el sexo?**,Hombre,Mujer,Otro,,,,,,,
mc_vertical answer_below_label,mc parentesco,*,e05_n10,count_SN > 9,**e05_n10. ¿Qué relación tiene con jefatura de hogar?**,,,,,,,,,,
answer_below_label,number,,e05_anios_pareja_n10,e05_n10==2|e05_n10==3,**e05_anios_pareja. ¿Hace cuántos años?**,,,,,,,,,,
mc_vertical answer_below_label,mc civil,*,e06_n10,count_SN > 9  && e03_n10>17,**e06_n10. ¿Cuál es el estado civil actual?**,,,,,,,,,,
mc_vertical answer_below_label,mc educ,*,e07_n10,count_SN > 9,**e07_n10. ¿Cuál fue el mayor nivel de educación que alcanzó? **,,,,,,,,,,
mc_vertical answer_below_label,text 50,*,e02_n11,count_SN > 10,**e02_n11. Nombre persona 11**,,,,,,,,,,
mc_vertical answer_below_label,number,*,e03_n11,count_SN > 10,**e03_n11. ¿Qué edad tiene?**,,,,,,,,,,
mc_vertical answer_below_label,mc,*,e04_n11,count_SN > 10,**e04_n11. ¿Cuál es el sexo?**,Hombre,Mujer,Otro,,,,,,,
mc_vertical answer_below_label,mc parentesco,*,e05_n11,count_SN > 10,**e05_n11. ¿Qué relación tiene con jefatura de hogar?**,,,,,,,,,,
answer_below_label,number,,e05_anios_pareja_n11,e05_n11==2|e05_n11==3,**e05_anios_pareja. ¿Hace cuántos años?**,,,,,,,,,,
mc_vertical answer_below_label,mc civil,*,e06_n11,count_SN > 10  && e03_n11>17,**e06_n11. ¿Cuál es el estado civil actual?**,,,,,,,,,,
mc_vertical answer_below_label,mc educ,*,e07_n11,count_SN > 10,**e07_n11. ¿Cuál fue el mayor nivel de educación que alcanzó? **,,,,,,,,,,
mc_vertical answer_below_label,text 50,*,e02_n12,count_SN > 11,**e02_n12. Nombre persona 12**,,,,,,,,,,
mc_vertical answer_below_label,number,*,e03_n12,count_SN > 11,**e03_n12. ¿Qué edad tiene?**,,,,,,,,,,
mc_vertical answer_below_label,mc,*,e04_n12,count_SN > 11,**e04_n12. ¿Cuál es el sexo?**,Hombre,Mujer,Otro,,,,,,,
mc_vertical answer_below_label,mc parentesco,*,e05_n12,count_SN > 11,**e05_n12. ¿Qué relación tiene con jefatura de hogar?**,,,,,,,,,,
answer_below_label,number,,e05_anios_pareja_n12,e05_n12==2|e05_n12==3,**e05_anios_pareja. ¿Hace cuántos años?**,,,,,,,,,,
mc_vertical answer_below_label,mc civil,*,e06_n12,count_SN > 11  && e03_n12>17,**e06_n12. ¿Cuál es el estado civil actual?**,,,,,,,,,,
mc_vertical answer_below_label,mc educ,*,e07_n12,count_SN > 11,**e07_n12. ¿Cuál fue el mayor nivel de educación que alcanzó? **,,,,,,,,,,
mc_vertical answer_below_label,text 50,*,e02_n13,count_SN > 12,**e02_n13. Nombre persona 13**,,,,,,,,,,
mc_vertical answer_below_label,number,*,e03_n13,count_SN > 12,**e03_n13. ¿Qué edad tiene?**,,,,,,,,,,
mc_vertical answer_below_label,mc,*,e04_n13,count_SN > 12,**e04_n13. ¿Cuál es el sexo?**,Hombre,Mujer,Otro,,,,,,,
mc_vertical answer_below_label,mc parentesco,*,e05_n13,count_SN > 12,**e05_n13. ¿Qué relación tiene con jefatura de hogar?**,,,,,,,,,,
answer_below_label,number,,e05_anios_pareja_n13,e05_n13==2|e05_n13==3,**e05_anios_pareja. ¿Hace cuántos años?**,,,,,,,,,,
mc_vertical answer_below_label,mc civil,*,e06_n13,count_SN > 12  && e03_n13>17,**e06_n13. ¿Cuál es el estado civil actual?**,,,,,,,,,,
mc_vertical answer_below_label,mc educ,*,e07_n13,count_SN > 12,**e07_n13. ¿Cuál fue el mayor nivel de educación que alcanzó? **,,,,,,,,,,
mc_vertical answer_below_label,text 50,*,e02_n14,count_SN > 13,**e02_n14. Nombre persona 14**,,,,,,,,,,
mc_vertical answer_below_label,number,*,e03_n14,count_SN > 13,**e03_n14. ¿Qué edad tiene?**,,,,,,,,,,
mc_vertical answer_below_label,mc,*,e04_n14,count_SN > 13,**e04_n14. ¿Cuál es el sexo?**,Hombre,Mujer,Otro,,,,,,,
mc_vertical answer_below_label,mc parentesco,*,e05_n14,count_SN > 13,**e05_n14. ¿Qué relación tiene con jefatura de hogar?**,,,,,,,,,,
answer_below_label,number,,e05_anios_pareja_n14,e05_n14==2|e05_n14==3,**e05_anios_pareja. ¿Hace cuántos años?**,,,,,,,,,,
mc_vertical answer_below_label,mc civil,*,e06_n14,count_SN > 13  && e03_n14>17,**e06_n14. ¿Cuál es el estado civil actual?**,,,,,,,,,,
mc_vertical answer_below_label,mc educ,*,e07_n14,count_SN > 13,**e07_n14. ¿Cuál fue el mayor nivel de educación que alcanzó? **,,,,,,,,,,
mc_vertical answer_below_label,text 50,*,e02_n15,count_SN > 14,**e02_n15. Nombre persona 15**,,,,,,,,,,
mc_vertical answer_below_label,number,*,e03_n15,count_SN > 14,**e03_n15. ¿Qué edad tiene?**,,,,,,,,,,
mc_vertical answer_below_label,mc,*,e04_n15,count_SN > 14,**e04_n15. ¿Cuál es el sexo?**,Hombre,Mujer,Otro,,,,,,,
mc_vertical answer_below_label,mc parentesco,*,e05_n15,count_SN > 14,**e05_n15. ¿Qué relación tiene con jefatura de hogar?**,,,,,,,,,,
answer_below_label,number,,e05_anios_pareja_n15,e05_n14==2|e05_n14==3,**e05_anios_pareja. ¿Hace cuántos años?**,,,,,,,,,,
mc_vertical answer_below_label,mc civil,*,e06_n15,count_SN > 14  && e03_n15>17,**e06_n15. ¿Cuál es el estado civil actual?**,,,,,,,,,,
mc_vertical answer_below_label,mc educ,*,e07_n15,count_SN > 14,**e07_n15. ¿Cuál fue el mayor nivel de educación que alcanzó? **,,,,,,,,,,
mc_vertical answer_below_label,text 50,*,e02_n16,count_SN > 15,**e02_n16. Nombre persona 16**,,,,,,,,,,
mc_vertical answer_below_label,number,*,e03_n16,count_SN > 15,**e03_n16. ¿Qué edad tiene?**,,,,,,,,,,
mc_vertical answer_below_label,mc,*,e04_n16,count_SN > 15,**e04_n16. ¿Cuál es el sexo?**,Hombre,Mujer,Otro,,,,,,,
mc_vertical answer_below_label,mc parentesco,*,e05_n16,count_SN > 15,**e05_n16. ¿Qué relación tiene con jefatura de hogar?**,,,,,,,,,,
answer_below_label,number,,e05_anios_pareja_n16,e05_n16==2|e05_n16==3,**e05_anios_pareja. ¿Hace cuántos años?**,,,,,,,,,,
mc_vertical answer_below_label,mc civil,*,e06_n16,count_SN > 15  && e03_n16>17,**e06_n16. ¿Cuál es el estado civil actual?**,,,,,,,,,,
mc_vertical answer_below_label,mc educ,*,e07_n16,count_SN > 15,**e07_n16. ¿Cuál fue el mayor nivel de educación que alcanzó? **,,,,,,,,,,
mc_vertical answer_below_label,text 50,*,e02_n17,count_SN > 16,**e02_n17. Nombre persona 17**,,,,,,,,,,
mc_vertical answer_below_label,number,*,e03_n17,count_SN > 16,**e03_n17. ¿Qué edad tiene?**,,,,,,,,,,
mc_vertical answer_below_label,mc,*,e04_n17,count_SN > 16,**e04_n17. ¿Cuál es el sexo?**,Hombre,Mujer,Otro,,,,,,,
mc_vertical answer_below_label,mc parentesco,*,e05_n17,count_SN > 16,**e05_n17. ¿Qué relación tiene con jefatura de hogar?**,,,,,,,,,,
answer_below_label,number,,e05_anios_pareja_n17,e05_n17==2|e05_n17==3,**e05_anios_pareja. ¿Hace cuántos años?**,,,,,,,,,,
mc_vertical answer_below_label,mc civil,*,e06_n17,count_SN > 16  && e03_n17>17,**e06_n17. ¿Cuál es el estado civil actual?**,,,,,,,,,,
mc_vertical answer_below_label,mc educ,*,e07_n17,count_SN > 16,**e07_n17. ¿Cuál fue el mayor nivel de educación que alcanzó? **,,,,,,,,,,
mc_vertical answer_below_label,text 50,*,e02_n18,count_SN > 17,**e02_n18. Nombre persona 18**,,,,,,,,,,
mc_vertical answer_below_label,number,*,e03_n18,count_SN > 17,**e03_n18. ¿Qué edad tiene?**,,,,,,,,,,
mc_vertical answer_below_label,mc,*,e04_n18,count_SN > 17,**e04_n18. ¿Cuál es el sexo?**,Hombre,Mujer,Otro,,,,,,,
mc_vertical answer_below_label,mc parentesco,*,e05_n18,count_SN > 17,**e05_n18. ¿Qué relación tiene con jefatura de hogar?**,,,,,,,,,,
answer_below_label,number,,e05_anios_pareja_n18,e05_n18==2|e05_n18==3,**e05_anios_pareja. ¿Hace cuántos años?**,,,,,,,,,,
mc_vertical answer_below_label,mc civil,*,e06_n18,count_SN > 17  && e03_n18>17,**e06_n18. ¿Cuál es el estado civil actual?**,,,,,,,,,,
mc_vertical answer_below_label,mc educ,*,e07_n18,count_SN > 17,**e07_n18. ¿Cuál fue el mayor nivel de educación que alcanzó? **,,,,,,,,,,
mc_vertical answer_below_label,text 50,*,e02_n19,count_SN > 18,**e02_n19. Nombre persona 19**,,,,,,,,,,
mc_vertical answer_below_label,number,*,e03_n19,count_SN > 18,**e03_n19. ¿Qué edad tiene?**,,,,,,,,,,
mc_vertical answer_below_label,mc,*,e04_n19,count_SN > 18,**e04_n19. ¿Cuál es el sexo?**,Hombre,Mujer,Otro,,,,,,,
mc_vertical answer_below_label,mc parentesco,*,e05_n19,count_SN > 18,**e05_n19. ¿Qué relación tiene con jefatura de hogar?**,,,,,,,,,,
answer_below_label,number,,e05_anios_pareja_n19,e05_n19==2|e05_n19==3,**e05_anios_pareja. ¿Hace cuántos años?**,,,,,,,,,,
mc_vertical answer_below_label,mc civil,*,e06_n19,count_SN > 18  && e03_n19>17,**e06_n19. ¿Cuál es el estado civil actual?**,,,,,,,,,,
mc_vertical answer_below_label,mc educ,*,e07_n19,count_SN > 18,**e07_n19. ¿Cuál fue el mayor nivel de educación que alcanzó? **,,,,,,,,,,
clear counter label_align_left space_bottom_60,"number 1,21,1",*,count_SN,1,¿Quiere añadir otra persona?,,,,,,,,,,
answer_below_label,select_one region,*,region,,**¿En qué región vive?**,,,,,,,,,,
answer_below_label,text,*,comuna,,**¿En qué comuna vive?**,,,,,,,,,,
left700,submit,*,submit_1,,Continuar,,,,,,,,,,
,note,*,mod1,,# **Módulo A. Modalidades de trabajo flexible**,,,,,,,,,,
,note,*,text_a01,,**Comenzaremos con unas preguntas sobre normativas laborales. ¿Ha escuchado hablar de las siguientes normativas laborales? **,,,,,,,,,,
mc_vertical answer_below_label,mc si_no,*,a01_01,,"**a01_01. Ley de Conciliación de la Vida Laboral, Familiar y Personal (Ley N° 21.645) **",,,,,,,,,,
,note,*,text_a03,,**¿Ha escuchado hablar de las siguientes normativas laborales? **,,,,,,,,,,
mc_vertical answer_below_label,mc si_no,*,a01_02,,**a01_02. Ley de reducción de la jornada laboral a 40 horas (Ley N° 21.561)**,,,,,,,,,,
,note,*,text_a05,,**¿Ha escuchado hablar de las siguientes normativas laborales? **,,,,,,,,,,
mc_vertical answer_below_label,mc si_no,*,a01_03,,**a01_03. Ley de Trabajo a Distancia (Ley N° 21.220)**,,,,,,,,,,
mc_vertical answer_below_label,mc_multiple medio,*,a01_04,a01_01==1 | a01_02==1 | a01_03==1,**a01_04. ¿Por cuál medio se informó de estas normativas? (Espere respuesta espontánea y marque todas las que correspondan)**,,,,,,,,,,
answer_below_label,text,*,a01_04_esp,a01_03==6 | a01_03 %contains_word% 6,**a01_04_esp. ¿Cuál?**,,,,,,,,,,
,note,*,text_a07,,"**Pensando en el <u>periodo comprendido desde enero de 2024 hasta hoy</u>. ¿Ha solicitado a su empleador alguna de las siguientes modalidades de trabajo, con el fin de conciliar la vida laboral y familiar?**",,,,,,,,,,
mc_vertical answer_below_label,mc si_no,*,a02_01a,,**a02_01a. Trabajo a distancia o teletrabajo (por desempeñar labores de cuidado no remunerado)**,,,,,,,,,,
mc_vertical answer_below_label,mc como_solicitud,*,a02_01b,a02_01a==1,**a02_01b. ¿Cómo realizó esta solicitud?**,,,,,,,,,,
mc_vertical answer_below_label,mc acepta_solicitud,*,a02_01c,a02_01a==1,**a02_01c. ¿Cuál fue la respuesta de su empleador frente a la solicitud de Trabajo a distancia o teletrabajo (por desempeñar labores de cuidado no remunerado)?**,,,,,,,,,,
mc_vertical answer_below_label,mc si_no,*,a02_01d,a02_01c==1 | a02_01c==2 | a02_01c==3,"**a02_01d. Luego de realizar las gestiones relacionadas con su solicitud, ¿utilizó la modalidad de trabajo que había solicitado?**",,,,,,,,,,
,note,*,text_a12,,"**¿Ha solicitado a su empleador alguna de las siguientes modalidades de trabajo, con el fin de conciliar la vida laboral y familiar?**",,,,,,,,,,
mc_vertical answer_below_label,mc si_no,*,a02_02a,,**a02_02a. Modificación transitoria de los turnos o distribución de la jornada durante vacaciones escolares**,,,,,,,,,,
mc_vertical answer_below_label,mc como_solicitud,*,a02_02b,a02_02a==1,**a02_02b. ¿Cómo realizó esta solicitud?**,,,,,,,,,,
mc_vertical answer_below_label,mc acepta_solicitud,*,a02_02c,a02_02a==1,**a02_02c. ¿Cuál fue la respuesta de su empleador frente a la solicitud de Modificación transitoria de los turnos o distribución de la jornada durante vacaciones escolares?**,,,,,,,,,,
mc_vertical answer_below_label,mc si_no,*,a02_02e,a02_02c==1 | a02_02c==2 | a02_02c==3,"**a02_02e. Luego de realizar las gestiones relacionadas con su solicitud, ¿utilizó la modalidad de trabajo que había solicitado?**",,,,,,,,,,
,note,*,text_a17,,"**¿Ha solicitado a su empleador alguna de las siguientes modalidades de trabajo, con el fin de conciliar la vida laboral y familiar?**",,,,,,,,,,
mc_vertical answer_below_label,mc si_no,*,a02_03a,,**a02_03a. Reducción transitoria de la jornada laboral durante el periodo de vacaciones escolares**,,,,,,,,,,
mc_vertical answer_below_label,mc como_solicitud,*,a02_03b,a02_03a==1,**a02_03b. ¿Cómo realizó esta solicitud?**,,,,,,,,,,
mc_vertical answer_below_label,mc acepta_solicitud,*,a02_03c,a02_03a==1,**a02_03c. ¿Cuál fue la respuesta de su empleador frente a la solicitud de Reducción transitoria de la jornada laboral durante el periodo de vacaciones escolares?**,,,,,,,,,,
mc_vertical answer_below_label,mc si_no,*,a02_03e,a02_03c==1 | a02_03c==2 | a02_03c==3,"**a02_03e. Luego de realizar las gestiones relacionadas con su solicitud, ¿utilizó la modalidad de trabajo que había solicitado?**",,,,,,,,,,
,note,*,text_a22,,"**¿Ha solicitado a su empleador alguna de las siguientes modalidades de trabajo, con el fin de conciliar la vida laboral y familiar?**",,,,,,,,,,
mc_vertical answer_below_label,mc si_no,*,a02_04a,,**a02_04a. Hacer uso del feriado legal durante las vacaciones escolares**,,,,,,,,,,
mc_vertical answer_below_label,mc como_solicitud,*,a02_04b,a02_04a==1,**a02_04b. ¿Cómo realizó esta solicitud?**,,,,,,,,,,
mc_vertical answer_below_label,mc acepta_solicitud,*,a02_04c,a02_04a==1,**a02_04c. ¿Cuál fue la respuesta de su empleador frente a la solicitud de Hacer uso del feriado legal durante las vacaciones escolares?**,,,,,,,,,,
mc_vertical answer_below_label,mc si_no,*,a02_04e,a02_04c==1 | a02_04c==2 | a02_04c==3,"**a02_04e. Luego de realizar las gestiones relacionadas con su solicitud, ¿utilizó la modalidad de trabajo que había solicitado?**",,,,,,,,,,
,note,*,text_a27,,"**¿Ha solicitado a su empleador alguna de las siguientes modalidades de trabajo, con el fin de conciliar la vida laboral y familiar?**",,,,,,,,,,
mc_vertical answer_below_label,mc si_no,*,a02_05a,,**a02_05a. Permisos especiales para interrumpir jornada (con o sin devolución horaria)**,,,,,,,,,,
mc_vertical answer_below_label,mc como_solicitud,*,a02_05b,a02_05a==1,**a02_05b. ¿Cómo realizó esta solicitud?**,,,,,,,,,,
mc_vertical answer_below_label,mc acepta_solicitud,*,a02_05c,a02_05a==1,**a02_05c. ¿Cuál fue la respuesta de su empleador frente a la solicitud de Permisos especiales para interrumpir jornada (con o sin devolución horaria)?**,,,,,,,,,,
mc_vertical answer_below_label,mc si_no,*,a02_05e,a02_05c==1 | a02_05c==2 | a02_05c==3,"**a02_05e. Luego de realizar las gestiones relacionadas con su solicitud, ¿utilizó la modalidad de trabajo que había solicitado?**",,,,,,,,,,
,note,*,text_a32,,"**Ahora, pensando en el periodo comprendido desde la implementación de la Ley de Reducción de la Jornada Laboral (Ley de 40 horas), es decir, <u>desde abril de 2024 hasta ahora</u>. ¿Ha hecho uso de alguna de las siguientes modalidades de trabajo con el fin de conciliar la vida laboral y familiar?**",,,,,,,,,,
mc_vertical answer_below_label,mc si_no,*,a03_01a,,**a03_01a. Redistribución de la jornada (ej. mayor carga horaria de lunes a jueves para anticipar salida del viernes)**,,,,,,,,,,
mc_vertical answer_below_label,mc ,*,a03_01b,a03_01a==1,**a03_01b. Esta modalidad**,Fue solicitada por usted individualmente,Fue implementada por la empresa de manera unilateral,Se implementó por acuerdo entre sindicato y empresa,No sabe (no leer),No responde (no leer),,,,,
,note,*,text_a35,,**¿Ha hecho uso de alguna de las siguientes modalidades de trabajo con el fin de conciliar la vida laboral y familiar?**,,,,,,,,,,
mc_vertical answer_below_label,mc si_no,*,a03_02a,,**a03_02a. Horario flexible (de entrada y salida)**,,,,,,,,,,
mc_vertical answer_below_label,mc implementa_medida,*,a03_02b,a03_02a==1,**a03_02b. Esta modalidad**,,,,,,,,,,
,note,*,text_a38,,**Ahora pensando en el <u>periodo previo a diciembre del 2023</u>. ¿Hizo uso de alguna de las siguientes medidas que flexibilizan la jornada de trabajo? **,,,,,,,,,,
mc_vertical answer_below_label,mc uso_modalidad,*,a04_01,,**a04_01. Trabajo a distancia o teletrabajo (por desempeñar labores de cuidado no remunerado)**,,,,,,,,,,
mc_vertical answer_below_label,mc uso_modalidad,*,a04_02,,**a04_02. Horario flexible (de entrada y salida)**,,,,,,,,,,
mc_vertical answer_below_label,mc uso_modalidad,*,a04_03,,**a04_03. Modificación transitoria de los turnos o distribución de la jornada durante vacaciones escolares**,,,,,,,,,,
mc_vertical answer_below_label,mc uso_modalidad,*,a04_04,,**a04_04. Reducción transitoria de la jornada laboral durante el periodo de vacaciones escolares**,,,,,,,,,,
mc_vertical answer_below_label,mc uso_modalidad,*,a04_05,,**a04_05. Hacer uso del feriado legal durante las vacaciones escolares**,,,,,,,,,,
mc_vertical answer_below_label,mc uso_modalidad,*,a04_06,,**a04_06. Permisos especiales para interrumpir jornada (con o sin devolución horaria)**,,,,,,,,,,
mc_vertical answer_below_label,mc uso_modalidad,*,a04_07,,**a04_07. Redistribución de la jornada (ej. mayor carga horaria de lunes a jueves para anticipar salida del viernes)**,,,,,,,,,,
mc_vertical answer_below_label,mc si_no,*,a05_01,,"**a05_01. ¿Alguna de sus horas laborales habituales las trabaja desde su hogar (es decir, la dirección de su lugar habitual de residencia)?**",,,,,,,,,,
answer_below_label,"number 0,24,1",*,a05_02,a05_01==1,**a05_02. ¿Cuántas horas semanales promedio las cumple teletrabajando?**,,,,,,,,,,
mc_vertical answer_below_label,mc si_no,*,a05_03,a05_01==1,**a05_03. ¿Las horas de teletrabajo son el resultado de un acuerdo formal con su empleador?**,,,,,,,,,,
,note,*,text_b14_2,,"**Por favor, indíqueme en qué medida está de acuerdo o en desacuerdo con las siguientes afirmaciones sobre las modalidades de trabajo flexible que implementan algunas empresas**",,,,,,,,,,
space_bottom_15 mc_width100,mc_heading likert_5,*,choice_list06,,,,,,,,,,,,
hide_label mc_width100 space_bottom_15,mc likert_5,*,a06_01,,**a06_01. Los gerentes y supervisores suelen desalentar a los empleados a utilizar las modalidades de trabajo flexible**,,,,,,,,,,
hide_label mc_width100 space_bottom_15,mc likert_5,*,a06_02,,**a06_02. Usar estas modalidades de trabajo flexible es mal visto por los compañeros de trabajo**,,,,,,,,,,
hide_label mc_width100 space_bottom_15,mc likert_5,*,a06_03,,"**a06_03. Hacer uso de estas modalidades de trabajo flexible tiene un impacto negativo en la carrera profesional (ascensos, bonificaciones, tipo de trabajo asignado, etc.)**",,,,,,,,,,
hide_label mc_width100 space_bottom_15,mc likert_5,*,a06_04,,**a06_04. Es más fácil para las mujeres que para los hombres usar estas modalidades de trabajo flexible**,,,,,,,,,,
,note,*,text_b22,,"**En una escala de 0 a 10, donde 0 significa ""Totalmente insatisfecho"" y 10 ""Totalmente satisfecho"", ¿qué tan satisfecho se encuentra Ud. con...?**
<p>.</p>",,,,,,,,,,
rotate_label45 space_bottom_15 mc_width50,mc_heading totalmente,*,choice_list07,,,,,,,,,,,,
hide_label mc_width50 space_bottom_15,mc totalmente,*,a07_01,,**a07_01. Su trabajo**,,,,,,,,,,
hide_label mc_width50 space_bottom_15,mc totalmente,*,a07_02,,**a07_02. La cantidad de tiempo libre**,,,,,,,,,,
hide_label mc_width50 space_bottom_15,mc totalmente,*,a07_03,,**a07_03. La posibilidad de equilibrar trabajo y vida familiar**,,,,,,,,,,
hide_label mc_width50 space_bottom_15,mc totalmente,*,a07_04,,**a07_04. El tiempo dedicado a sus hijos/as **,,,,,,,,,,
,note,*,text_a54,,**¿Qué tan frecuentemente realiza usted las siguientes acciones para compatibilizar sus asuntos laborales y familiares?**,,,,,,,,,,
space_bottom_15 mc_width100,mc_heading likert_nunca,*,choice_list09,,,,,,,,,,,,
hide_label mc_width100 space_bottom_15,mc likert_nunca,*,a09_01,,**a09_01. Salir del lugar de trabajo para atender asuntos familiares**,,,,,,,,,,
hide_label mc_width100 space_bottom_15,mc likert_nunca,*,a09_02,,**a09_02. Salir antes del trabajo pero completar tareas pendientes en la noche**,,,,,,,,,,
hide_label mc_width100 space_bottom_15,mc likert_nunca,*,a09_03,,**a09_03. Llegar al trabajo más temprano para poder salir antes y así hacerse cargo  de temas familiares**,,,,,,,,,,
,note,*,text_b05,,**¿Con qué frecuencia le ha sucedido lo siguiente en los últimos 12 meses?**,,,,,,,,,,
space_bottom_15 mc_width100,mc_heading raramente,*,choice_list10,,,,,,,,,,,,
hide_label mc_width100 space_bottom_15,mc raramente,*,a10_01,,**a10_01. Seguir preocupado por su trabajo cuando no está trabajando**,,,,,,,,,,
hide_label mc_width100 space_bottom_15,mc raramente,*,a10_02,,**a10_02. Sentirse demasiado cansado después de trabajar como para encargarse de algunas de las tareas del hogar que deben hacerse**,,,,,,,,,,
hide_label mc_width100 space_bottom_15,mc raramente,*,a10_03,,**a10_03. Ver que el trabajo le ha impedido dedicar el tiempo que habría querido a su familia**,,,,,,,,,,
hide_label mc_width100 space_bottom_15,mc raramente,*,a10_04,,**a10_04. Le ha sido difícil concentrarse en su trabajo por las responsabilidades familiares**,,,,,,,,,,
hide_label mc_width100 space_bottom_15,mc raramente,*,a10_05,,**a10_05. Ver que las responsabilidades familiares le han impedido dedicar el tiempo que debería haber dedicado a su trabajo**,,,,,,,,,,
,submit,*,send01,,Continuar,,,,,,,,,,
,note,*,mod2,,# **Módulo B. Trabajo**,,,,,,,,,,
mc_vertical answer_below_label,mc likert_nunca,*,b01,,"**b01. En los últimos 12 meses, ¿con qué frecuencia ha tenido que trabajar en su tiempo libre para cumplir con las exigencias del trabajo?**",,,,,,,,,,
mc_vertical answer_below_label,mc likert_nunca,*,b02,,"**b02. ¿Con qué frecuencia trabaja por la noche? Es decir, un mínimo de 1 hora entre las 8 de la noche y las 6 de la mañana**",,,,,,,,,,
,note,*,text_b08,,**Dígame en qué grado Ud. está de acuerdo o en desacuerdo con relación a los siguientes aspectos de su trabajo**,,,,,,,,,,
mc_vertical answer_below_label,mc,*,b05,,"**b05. ¿Cuál de las siguientes afirmaciones describe mejor cómo se deciden sus horarios de trabajo? (es decir, la hora en que se inicia y termina, y no las horas totales que trabaja por semana o mes)**",Las horas de inicio y término de mi trabajo las decide mi empleador y no puedo cambiarlas por mi cuenta,Puedo decidir la hora de inicio y de término del trabajo dentro de ciertos límites,Soy completamente libre para decidir cuándo inicio y termino de trabajar,No sabe (no leer),No responde (no leer),,,,,
mc_vertical answer_below_label,mc,*,b06,,**b06. ¿Cuál de las siguientes afirmaciones describe mejor el horario habitual en su trabajo principal?**,"Tengo un horario regular o turno (día, tarde o noche)","Tengo un horario o turno que cambia regularmente (por ejemplo, del día a la tarde o a la noche)",Tengo un horario donde los tiempos de trabajo al día son decididos en el momento por mi empleador,No sabe (no leer),No responde (no leer),,,,,
mc_vertical answer_below_label,mc,*,b07,,**b07. ¿Cómo se organizan sus horarios de trabajo?**,"Los fija la empresa/organización, sin posibilidad de cambios",Puede elegir entre varios horarios fijos establecidos por la empresa/organización,Puede adaptar su horario de trabajo dentro de ciertos límites (ej.: horario flexible),Su horario de trabajo lo determina enteramente usted mismo,No sabe (no leer),No responde (no leer),,,,
mc_vertical answer_below_label,mc,*,b08,b07==1 | b07==2,"**b08. ¿Se producen con frecuencia cambios en su horario de trabajo? En caso afirmativo, ¿con cuánto tiempo de antelación se le informa de dichos cambios?**",No,"Sí, el mismo día","Sí, el día antes","Sí, unos días antes","Sí, con unas semanas de antelación",Otro (espontáneo),No sabe (no leer),No responde (no leer),,
,note,*,text_b15,,"**Siguiendo con las preguntas sobre su trabajo actual, ahora dígame qué tan de acuerdo está con las siguientes afirmaciones**",,,,,,,,,,
space_bottom_15 mc_width100,mc_heading likert_5,*,choice_listb09,,,,,,,,,,,,
hide_label mc_width100 space_bottom_15,mc likert_5,*,b09_01,,**b09_01. Creo que el pago que recibo es justo**,,,,,,,,,,
hide_label mc_width100 space_bottom_15,mc likert_5,*,b09_02,,**b09_02. Considero que mi carga de trabajo es justa**,,,,,,,,,,
hide_label mc_width100 space_bottom_15,mc likert_5,*,b09_03,,**b09_03. Las recompensas monetarias y no monetarias que recibo reflejan de buena manera el esfuerzo que hago en el trabajo**,,,,,,,,,,
,note,*,text_b16,,"**Pensando en su trabajo actual, ¿qué tan frecuentemente Ud…?**",,,,,,,,,,
space_bottom_15 mc_width100,mc_heading likert_nunca,*,choice_listb10,,,,,,,,,,,,
hide_label mc_width100 space_bottom_15,mc likert_nunca,*,b10_01,,**b10_01. Llega a su casa exhausto luego de la jornada laboral**,,,,,,,,,,
hide_label mc_width100 space_bottom_15,mc likert_nunca,*,b10_02,,**b10_02. Tiene que cumplir plazos ajustados**,,,,,,,,,,
hide_label mc_width100 space_bottom_15,mc likert_nunca,*,b10_03,,**b10_03. Trabaja más de 8 horas diarias para poder terminar con las tareas implicadas en el trabajo**,,,,,,,,,,
,note,*,text_b17,,"**Ahora, pensando en su trabajo actual, dígame qué tanta influencia tiene Ud. sobre…**",,,,,,,,,,
space_bottom_15 mc_width100,mc_heading influencia_2,*,choice_listb11,,,,,,,,,,,,
hide_label mc_width100 space_bottom_15,mc influencia_2,*,b11_01,,**b11_01. Los métodos o la manera en que realiza las tareas durante su jornada**,,,,,,,,,,
hide_label mc_width100 space_bottom_15,mc influencia_2,*,b11_02,,**b11_02. Las políticas que toma la empresa respecto a sus condiciones de trabajo**,,,,,,,,,,
hide_label mc_width100 space_bottom_15,mc influencia_2,*,b11_03,,**b11_03. La hora de inicio y término de su jornada laboral**,,,,,,,,,,
hide_label mc_width100 space_bottom_15,mc influencia_2,*,b11_04,,**b11_04. La hora en la que puede tomar un descanso**,,,,,,,,,,
hide_label mc_width100 space_bottom_15,mc influencia_2,*,b11_05,,**b11_05. La posibilidad de tomar una o dos horas libres a la semana para hacerse cargo de temas personales o familiares**,,,,,,,,,,
,note,*,text_b18,,**¿En qué grado está Ud. de acuerdo o en desacuerdo con cada una de estas afirmaciones?**,,,,,,,,,,
space_bottom_15 mc_width100,mc_heading likert_5,*,choice_listb12,,,,,,,,,,,,
hide_label mc_width100 space_bottom_15,mc likert_5,*,b12_01,,**b12_01. Estoy dispuesto a trabajar más duro de lo normal para ayudar a que la empresa u organización donde trabajo tenga éxito**,,,,,,,,,,
hide_label mc_width100 space_bottom_15,mc likert_5,*,b12_02,,**b12_02. Estoy orgulloso de trabajar para mi empresa**,,,,,,,,,,
,note,*,text_b19,,**Dígame en qué grado Ud. está de acuerdo o en desacuerdo con relación a los siguientes aspectos de su trabajo**,,,,,,,,,,
mc_vertical answer_below_label,mc likert_5,*,b13_01,,**b13_01. Mi trabajo es seguro y estable**,,,,,,,,,,
mc_vertical answer_below_label,mc likert_5,*,b13_02,,**b13_02. Podría perder mi trabajo en los próximos 6 meses**,,,,,,,,,,
,note,*,text_b20,,**Dígame en qué grado Ud. está de acuerdo o en  desacuerdo con relación a los siguientes enunciados relativos a la empresa o negocio en el que trabaja**,,,,,,,,,,
space_bottom_15 mc_width100,mc_heading likert_5,*,choice_listb14,,,,,,,,,,,,
hide_label mc_width100 space_bottom_15,mc likert_5,*,b14_01,,**b14_01. La relación entre gerencia y trabajadores es conflictiva**,,,,,,,,,,
hide_label mc_width100 space_bottom_15,mc likert_5,*,b14_02,,**b14_02. La relación entre los trabajadores/as y sus supervisores directos es conflictiva**,,,,,,,,,,
hide_label mc_width100 space_bottom_15,mc likert_5,*,b14_03,,"**b14_03. La gerencia y los/as trabajadores/as son parte del mismo equipo: si gana uno, ganan todos**",,,,,,,,,,
hide_label mc_width100 space_bottom_15,mc likert_5,*,b14_04,,"**b14_04. En general, los trabajadores desconfían de las promesas hechas por la gerencia/jefatura**",,,,,,,,,,
mc_vertical answer_below_label,mc si_no,*,b15,,"**b15. Durante los últimos 12 meses, ¿hubo alguna huelga o paralización en la empresa en la que Ud. trabaja?**",,,,,,,,,,
mc_vertical answer_below_label,mc si_no,*,b16,,"**b16. En su lugar de trabajo, ¿se realizan reuniones regulares entre representantes de la empresa y de los trabajadores donde se puedan discutir temas asociados a las condiciones de trabajo? **",,,,,,,,,,
mc_vertical answer_below_label,mc influencia_2,*,b17,b16==1,**b17. ¿Y qué tanta influencia tienen esas reuniones en las decisiones que la empresa toma sobre sus condiciones de trabajo?**,,,,,,,,,,
mc_vertical answer_below_label,mc,*,b18,,**b18. ¿Cuántos sindicatos existen en su empresa?**,Uno,Más de uno,No sabe (no leer),No responde (no leer),,,,,,
answer_below_label,number,*,b18_esp,b18==2,**b18_esp. ¿Cuántos?**,,,,,,,,,,
mc_vertical answer_below_label,mc si_no,*,b19,,**b19. ¿Está cubierto por un contrato o convenio colectivo?**,,,,,,,,,,
mc_vertical answer_below_label,mc organizacion,*,b20,,**b20. ¿Se encuentra afiliado a un sindicato?**,,,,,,,,,,
answer_below_label,"number 0,60,1",*,b21,b20==1 | b20==2,**b21. ¿Hace cuántos años se encuentra afiliado a esa organización sindical? **,,,,,,,,,,
mc_vertical answer_below_label,mc_multiple ,*,b22,b20==1 | b20==2,**b22. ¿Por qué decidió unirse a un sindicato? Señale las dos razones principales**,Porque tengo más beneficios económicos,Porque como trabajadores hay que estar unidos para defender nuestros derechos,Porque mis colegas me lo recomendaron,Porque me lo recomendaron de recursos humanos,"Porque otras personas (familiares, amigos, etc.) me lo recomendaron",Porque me lo pidió mi jefe,No sabe (no leer),No responde (no leer),,
mc_vertical answer_below_label,mc_multiple  razones,*,b23,b20==3,**b23. ¿Por qué no se encuentra afiliado a un sindicato en la empresa donde trabaja? Señale todas las razones que apliquen**,,,,,,,,,,
mc_vertical answer_below_label,text,*,b23_esp,b23==8,**b23_esp. ¿Cuál?**,,,,,,,,,,
mc_vertical answer_below_label,mc definitivamente,*,b24,,"**b24. Más allá de su situación laboral o contractual actual, si pudiera unirse a un sindicato ¿lo haría?**",,,,,,,,,,
,note,*,text_b29,,**Indique su grado de acuerdo con las afirmaciones relativas al sindicato de su empresa**,,,,,,,,,,
space_bottom_15 mc_width100,mc_heading likert_5,*,choice_listb25,,,,,,,,,,,,
hide_label mc_width100 space_bottom_15,mc likert_5,*,b25_01,,**b25_01. El sindicato garantiza que como trabajadores seamos recompensados de manera justa en relación con nuestras responsabilidades**,,,,,,,,,,
hide_label mc_width100 space_bottom_15,mc likert_5,*,b25_02,,**b25_02. El sindicato garantiza nuestra seguridad en el empleo**,,,,,,,,,,
hide_label mc_width100 space_bottom_15,mc likert_5,*,b25_03,,**b25_03. Tener un sindicato garantiza que las inquietudes de todos los afectados por una decisión sean escuchados por los supervisores**,,,,,,,,,,
hide_label mc_width100 space_bottom_15,mc likert_5,*,b25_04,,"**b25_04. En general, tener un sindicato garantiza que las decisiones de la administración se tomen de manera justa**",,,,,,,,,,
hide_label mc_width100 space_bottom_15,mc likert_5,*,b25_05,,**b25_05. El sindicato ayuda a que los empleados obtengamos un salario justo**,,,,,,,,,,
hide_label mc_width100 space_bottom_15,mc likert_5,*,b25_06,,"**b25_06. Estoy satisfecho con el rol que juega el sindicato para obtener mejores beneficios no económicos, por ejemplo: horario flexible**",,,,,,,,,,
hide_label mc_width100 space_bottom_15,mc likert_5,*,b25_07,,**b25_07. Mi lugar de trabajo sería un peor lugar para trabajar si no hubiera un sindicato**,,,,,,,,,,
,note,*,text_b31,,"**En una escala de 1 a 5, donde 1 es ""Nada dispuesto"" y 5 es ""Totalmente dispuesto"", ¿en qué medida estaría Ud. dispuesto a participar en las siguientes acciones?**",,,,,,,,,,
space_bottom_15 mc_width100,mc_heading disposicion,*,choice_listb27,,,,,,,,,,,,
hide_label mc_width100 space_bottom_15,mc disposicion,*,b27_01,,**b27_01. Participar en una huelga para demandar mejores salarios y condiciones de trabajo**,,,,,,,,,,
hide_label mc_width100 space_bottom_15,mc disposicion,*,b27_02,,**b27_02. Participar en una huelga para demandar más igualdad en el país**,,,,,,,,,,
,note,*,text_b30,,"**Considerando los últimos 12 meses, qué tan frecuentemente Ud. ha participado en las siguientes actividades**",,,,,,,,,,
mc_vertical answer_below_label,mc anual,*,b28_01,b20==1 | b20==2,**b28_01. Asambleas del sindicato**,,,,,,,,,,
mc_vertical answer_below_label,mc anual,*,b28_02,b20==1 | b20==2,"**b28_02. Otras actividades sindicales (ej. deportivas, de recreación)**",,,,,,,,,,
mc_vertical answer_below_label,mc anual,*,b28_03,,"**b28_03. Actividades recreativas organizadas en el trabajo (ej. celebración de fiestas patrias, actividades deportivas)**",,,,,,,,,,
mc_vertical answer_below_label,mc anual,*,b28_04,,"**b28_04. Compartir en instancias no laborales con sus compañeros de trabajo (ej. almuerzos, celebración de cumpleaños, etc.)**",,,,,,,,,,
mc_vertical answer_below_label,mc anual,*,b28_05,,**b28_05. Reunión con compañeros de trabajo para discutir problemas de la empresa**,,,,,,,,,,
,submit,,send02,,Continuar,,,,,,,,,,
,note,,mod3,,# **Módulo C. Familia**,,,,,,,,,,
mc_vertical answer_below_label,"number 1,10,1",*,c01,,"**c01. ¿Cuánto(s) hijo(s) menor(es) de 14 años tiene? Hasta 13 años inclusive, vivan o no con Ud.**",,,,,,,,,,
mc_vertical answer_below_label,mc si_no,*,c02,,**c02. ¿Vive Ud. con alguno de su(s) hijo(s) menores de 14 años la mayor parte del tiempo en el mismo hogar? (más de la mitad de los días de un mes)**,,,,,,,,,,
mc_vertical answer_below_label,mc diariamente,*,c03,c02==2,**c03. ¿Con qué frecuencia ve a su(s) hijo(s) en persona?**,,,,,,,,,,
mc_vertical answer_below_label,mc diariamente,*,c04,c02==2,"**c04. ¿Con qué frecuencia mantiene contacto con su(s) hijo(s) mediante llamadas, videollamadas o mensajes?**",,,,,,,,,,
mc_vertical answer_below_label,mc_multiple,*,c05,c02==2 & c03!=6,"**c05. Durante el tiempo que pasa con su(s) hijo(s), ¿cuáles de las siguientes actividades realiza? (marque todas las que correspondan) (Si los padres tienen más de un hijo, deben considerar todas las actividades realizadas con cualquiera de sus hijos/as menores de 14 años)**","Alimenta, baña, o viste al niño/a",Comparte una comida con el niño/a,Ayuda con tareas escolares,"Lleva o recoge al niño/a a actividades (jardín infantil, colegio, médico, actividades deportivas)",Juega o comparte tiempo de recreación,Cuida del niño/a cuando está enfermo,Realiza alguna otra actividad de cuidado (especifique),,,
answer_below_label,text,*,c05_esp,c05==7,**c05_esp. Especifique**,,,,,,,,,,
mc_vertical answer_below_label,mc_multiple,*,c06,c02==2 & c03!=6,**c06. ¿En qué lugar realiza principalmente estas actividades de cuidado? Marque todas las opciones que correspondan**,En mi hogar,En el hogar donde vive mi(s) hijo(s),"En un lugar fuera del hogar (parques, centros recreativos, restaurantes, etc.)","En espacios relacionados con actividades específicas (colegio, centro médico, centro deportivo o cultural, etc)",Otro lugar,,,,,
answer_below_label,text,*,c06_esp,c06==5,**c06_esp. Especifique**,,,,,,,,,,
mc_vertical answer_below_label,mc_multiple,*,c07,c02==2,"**c07. ¿Entrega Ud. algún tipo de apoyo económico para su(s) hijo(s) menores de 14 años con los que no vive? Si responde Sí, marque todas las opciones que correspondan sobre los tipos de apoyo que entrega**",No,"Sí, mediante pensión alimenticia formalizada (por acuerdo judicial o mediación)","Sí, mediante pensión alimenticia informal (acuerdo entre las partes, sin intervención legal)","Sí, como apoyo económico adicional no regular (dinero para necesidades específicas, como útiles escolares o medicamentos)","Sí, como apoyo en especie (ropa, alimentos, pago directo de servicios, etc.)","Sí, otro tipo de apoyo económico (especifique)",,,,
answer_below_label,text,*,c07_esp,c07==6,**c07_esp. Especifique**,,,,,,,,,,
,note,*,text_c08,,"**Ahora le voy a preguntar por el tiempo que usted dedica a las labores domésticas. Considere todas las actividades y todas las veces que las realizó en el día. 
En un día típico de la semana pasada (lunes a viernes)...**",,,,,,,,,,
mc_vertical answer_below_label,mc si_no,*,c08_01a,,"**c08_01a. ¿Cocinó, lavó la loza o limpió la cocina?**",,,,,,,,,,
answer_below_label,"number 1,960,1",*,c08_01t,c08_01a==1,"**c08_01t. ¿Por cuántos minutos cocinó, lavó la loza o limpió la cocina?**",,,,,,,,,,
mc_vertical answer_below_label,mc si_no,*,c08_02a,,"**c08_02a. ¿Hizo el aseo o lavó, planchó u ordenó ropa?**",,,,,,,,,,
answer_below_label,"number 1,960,1",*,c08_02t,c08_02a==1,"**c08_02t. ¿Por cuántos minutos hizo el aseo o lavó, planchó u ordenó ropa? **",,,,,,,,,,
mc_vertical answer_below_label,mc si_no,*,c08_03a,,"**c08_03a. ¿Compró alimentos, ropa o artículos para el hogar de manera presencial o por internet?**",,,,,,,,,,
answer_below_label,"number 1,960,1",*,c08_03t,c08_03a==1,"**c08_03t. ¿Por cuántos minutos compró alimentos, ropa o artículos para el hogar de manera presencial o por internet? Recuerde incluir tiempos de traslado**",,,,,,,,,,
,note,*,text_c09,,"**A continuación, le realizaré preguntas sobre las labores de cuidado realizadas a algún(a) integrante de su hogar. Considere todas las actividades y todas las veces que las realizó en el día.
En un día típico de la semana pasada (lunes a viernes)...**",,,,,,,,,,
mc_vertical answer_below_label,mc si_no,*,c09_01a,,"**c09_01a. ¿Cuidó mascotas o plantas en su hogar? Recuerde sólo cuidados activos como alimentar, limpiar o pasear mascotas. Considere sólo mascotas, excluyendo otros animales. Excluya huertas destinadas a la venta**",,,,,,,,,,
answer_below_label,"number 1,960,1",*,c09_01t,c09_01a==1,"**c09_01t. ¿Por cuántos minutos cuidó mascotas o plantas en su hogar? Recuerde sólo cuidados activos como alimentar, limpiar o pasear mascotas. Considere sólo mascotas, excluyendo otros animales. Excluya huertas destinadas a la venta**",,,,,,,,,,
mc_vertical answer_below_label,mc si_no,*,c09_02a,,"**c09_02a. ¿Bañó, mudó, vistió o acostó a algún integrante de su hogar? **",,,,,,,,,,
answer_below_label,"number 1,960,1",*,c09_02t,c09_02a==1,"**c09_02t. ¿Por cuántos minutos bañó, mudó, vistió o acostó a algún integrante de su hogar?**",,,,,,,,,,
mc_vertical answer_below_label,mc si_no,*,c09_03a,,"**c09_03a. ¿Ayudó, dio de comer o amamantó a algún integrante de su hogar? **",,,,,,,,,,
answer_below_label,"number 1,960,1",*,c09_03t,c09_03a==1,"**c09_03t. ¿Por cuántos minutos ayudó, dio de comer o amamantó a algún integrante de su hogar? **",,,,,,,,,,
mc_vertical answer_below_label,mc si_no,*,c09_04a,,"**c09_04a. ¿Fue a dejar al colegio, ayudó en las tareas escolares, contó cuentos o leyó a algún integrante del hogar?**",,,,,,,,,,
answer_below_label,"number 1,960,1",*,c09_04t,c09_04a==1,"**c09_04t. ¿Por cuántos minutos fue a dejar al colegio, ayudó en las tareas escolares, contó cuentos o leyó a algún integrante del hogar? Recuerde incluir tiempos de traslado.**",,,,,,,,,,
mc_vertical answer_below_label,mc si_no,*,c09_05a,,"**c09_05a. ¿Dio medicamentos, realizó algún tratamiento por alguna enfermedad o lesión o acompañó a un centro de salud a algún integrante del hogar? **",,,,,,,,,,
answer_below_label,"number 1,960,1",*,c09_05t,c09_05a==1,"**c09_05t. ¿Por cuántos minutos dio medicamentos, realizó algún tratamiento por alguna enfermedad o lesión o acompañó a un centro de salud a algún integrante del hogar? Recuerde incluir tiempos de traslado. **",,,,,,,,,,
,note,*,text_c10,,"**En relación con las labores de cuidado.
En un día típico de la semana pasada (lunes a viernes)...**",,,,,,,,,,
mc_vertical answer_below_label,mc si_no,*,c10_01a,,"**c10_01a. ¿Cuidó o ayudó a familiares que viven en otros hogares sin recibir un pago a cambio? Considere que el cuidar a familiares implica dar de comer, mudar, bañar, llevar algún lugar, dar medicamentos, entre otros. Considere que el ayudar a familiares implica cocinar, hacer el aseo, lavar la ropa**",,,,,,,,,,
answer_below_label,"number 1,960,1",*,c10_01t,c10_01a==1,"**c10_01t. ¿Por cuántos minutos cuidó o ayudó a familiares que viven en otros hogares sin recibir un pago a cambio? Considere que el cuidar a familiares implica dar de comer, mudar, bañar, llevar algún lugar, dar medicamentos, entre otros. Considere que el ayudar a familiares implica cocinar, hacer el aseo, lavar la ropa. Recuerde incluir tiempos de traslado**",,,,,,,,,,
mc_vertical answer_below_label,mc,*,c11_01a,,"**c11_01a. ¿Su hogar recibió apoyo de alguna persona, pagado o no, para realizar tareas domésticas o de cuidado de personas? Recuerde incluir servicio doméstico puertas adentro o puertas afuera**","Sí, no pagada","Sí, pagada","Sí, ambas",No,No sabe (no leer),No responde (no leer),,,,
answer_below_label,"number 1,960,1",*,c11_01t,c11_01a != 4 && c11_01a != 5 && c11_01a != 6,"**c11_01t. ¿Por cuántos minutos su hogar recibió apoyo de alguna persona, pagado o no, para realizar tareas domésticas o de cuidado de personas? Recuerde incluir servicio doméstico puertas adentro o puertas afuera**",,,,,,,,,,
,note,*,text_c12,,"**En relación con las actividades de vida social y tiempo libre.
En un día típico de la semana pasada (lunes a viernes)...**",,,,,,,,,,
mc_vertical answer_below_label,mc si_no,*,c12_01a,,"**c12_01a. ¿Vio televisión, escuchó música, utilizó redes sociales o conversó con otras personas? Recuerde que se puede incluir a las personas con las que vive**",,,,,,,,,,
answer_below_label,"number 1,960,1",*,c12_01t,c12_01a==1,"**c12_01t. ¿Por cuántos minutos vio televisión, escuchó música, utilizó redes sociales o conversó con otras personas? Recuerde que se puede incluir a las personas con las que vive**",,,,,,,,,,
mc_vertical answer_below_label,mc si_no,*,c12_02a,,**c12_02a. ¿Estudió o estuvo en clases online o presenciales?**,,,,,,,,,,
answer_below_label,"number 1,960,1",*,c12_02t,c12_02a==1,**c12_02t. ¿Por cuántos minutos estudió o estuvo en clases online o presenciales? Recuerde incluir tiempos de traslado en caso de tener clases presenciales.**,,,,,,,,,,
answer_below_label,"number 1,960,1",*,c12_03t,,**c12_03t. ¿Cuántas horas en promedio duerme?**,,,,,,,,,,
mc_vertical answer_below_label,mc,*,c13,,"**c13. Si lo necesitara, ¿podría acceder a servicios para el cuidado de niños o niñas tales como sala cuna, jardín infantil o guarderías?**","Sí, no pagado","Sí, pagado","Sí, ambos",No,No hay niños o niñas en el hogar menores a 5 años,No sabe (no leer),No responde (no leer),,,
mc_vertical answer_below_label,mc,*,c14,,"**c14. Si lo necesitara, ¿podría acceder a servicios para el cuidado de personas con dependencia, discapacidad o con alguna condición de salud tales como residencias, centros de día o de larga estadía?**","Sí, no pagado","Sí, pagado","Sí, ambos",No,"No hay personas con dependencia, discapacidad o enfermas en el hogar",No sabe (no leer),No responde (no leer),,,
,note,*,text_c15,,"**Ahora le vamos a hacer preguntas relacionadas con su hijo/a de menor edad, viva o no con él/la. (Si tiene más de un hijo menor de 14 años, responda estas preguntas respecto al de menor edad)**",,,,,,,,,,
,note,*,text_c15_2,,**¿Quién o quiénes están a cargo del cuidado del niño o niña? (Marque todas las que corresponda)**,,,,,,,,,,
mc_vertical answer_below_label,mc_multiple cuidado_1,*,c15_01,,**c15_01. Durante la semana (lunes a viernes)**,,,,,,,,,,
mc_vertical answer_below_label,mc_multiple cuidado_1,*,c15_02,,**c15_02. Durante el fin de semana**,,,,,,,,,,
mc_vertical answer_below_label,mc_multiple cuidado_1,*,c15_03,,**c15_03. En periodo de vacaciones escolares**,,,,,,,,,,
mc_vertical answer_below_label,mc_multiple cuidado_1,*,c15_04,,**c15_04. En caso de enfermedad del niño o niña**,,,,,,,,,,
mc_vertical answer_below_label,mc_multiple cuidado_2,*,c15_05,,**c15_05. Cuando el niño o niña no está con su padre/madre ni en una institución**,,,,,,,,,,
,note,*,text_c16,,"**Ahora, pensando en sus hijos/as menores de 14 años, le vamos a hacer preguntas respecto al/la mayor de ellos/as, viva o no con él/la. (Si tiene más de un hijo menor de 14 años, responda estas preguntas respecto al de mayor edad)**",,,,,,,,,,
space_bottom_15 mc_width100,mc_heading aplica,*,choice_listc16,,,,,,,,,,,,
hide_label mc_width100 space_bottom_15,mc aplica,*,c16_01,,**c16_01. Comparto una relación afectuosa y cálida con mi hijo/a**,,,,,,,,,,
hide_label mc_width100 space_bottom_15,mc aplica,*,c16_02,,**c16_02. Mi hijo/a y yo siempre parecemos estar en conflicto**,,,,,,,,,,
hide_label mc_width100 space_bottom_15,mc aplica,*,c16_03,,"**c16_03. Si está molesto/a, mi hijo/a busca consuelo en mí**",,,,,,,,,,
hide_label mc_width100 space_bottom_15,mc aplica,*,c16_04,,**c16_04. Mi hijo/a se siente incómodo/a con el afecto físico o el contacto conmigo**,,,,,,,,,,
hide_label mc_width100 space_bottom_15,mc aplica,*,c16_05,,**c16_05. Mi hijo/a valora su relación conmigo**,,,,,,,,,,
hide_label mc_width100 space_bottom_15,mc aplica,*,c16_06,,"**c16_06. Cuando felicito a mi hijo/a, se pone muy contento/a y orgulloso/a**",,,,,,,,,,
hide_label mc_width100 space_bottom_15,mc aplica,*,c16_07,,**c16_07. Mi hijo/a comparte espontáneamente información sobre sí mismo/a**,,,,,,,,,,
hide_label mc_width100 space_bottom_15,mc aplica,*,c16_08,,**c16_08. Mi hijo/a se enoja fácilmente conmigo**,,,,,,,,,,
hide_label mc_width100 space_bottom_15,mc aplica,*,c16_09,,**c16_09. Es fácil sintonizar con lo que siente mi hijo/a**,,,,,,,,,,
hide_label mc_width100 space_bottom_15,mc aplica,*,c16_10,,**c16_10. Mi hijo/a sigue enojado/a o se resiste después de que lo/a reto o le pongo un límite**,,,,,,,,,,
hide_label mc_width100 space_bottom_15,mc aplica,*,c16_11,,**c16_11. Tratar con mi hijo/a agota mi energía**,,,,,,,,,,
hide_label mc_width100 space_bottom_15,mc aplica,*,c16_12,,"**c16_12. Cuando mi hijo/a está malgenio, sé que nos espera un día largo y difícil**",,,,,,,,,,
hide_label mc_width100 space_bottom_15,mc aplica,*,c16_13,,**c16_13. Los sentimientos de mi hijo/a hacia mí cambian de un momento a otro**,,,,,,,,,,
hide_label mc_width100 space_bottom_15,mc aplica,*,c16_14,,**c16_14. Mi hijo/a es astuto/a (pillo/a) o manipulador/a conmigo**,,,,,,,,,,
hide_label mc_width100 space_bottom_15,mc aplica,*,c16_15,,**c16_15. Mi hijo/a comparte abiertamente sus sentimientos y experiencias conmigo**,,,,,,,,,,
,submit,*,send03,,Continuar,,,,,,,,,,
,note,*,mod4,,# **Módulo D. Participación**,,,,,,,,,,
,note,*,text_d01,,"**Se presentan a continuación algunas formas de acción social o política que la gente puede realizar. Por favor, marque para cada una si la ha realizado, independientemente de las circunstancias**",,,,,,,,,,
space_bottom_15 mc_width100,mc_heading frecuencia,*,choice_listd01,,,,,,,,,,,,
hide_label mc_width100 space_bottom_15,mc frecuencia,*,d01_01,,**d01_01. Firmado una petición (online o física) apoyando una causa**,,,,,,,,,,
hide_label mc_width100 space_bottom_15,mc frecuencia,*,d01_02,,"**d01_02. Comprado o dejado de comprar ciertos productos por razones políticas, éticas o ambientales**",,,,,,,,,,
hide_label mc_width100 space_bottom_15,mc frecuencia,*,d01_03,,**d01_03. Asistido a una marcha o manifestación política**,,,,,,,,,,
hide_label mc_width100 space_bottom_15,mc frecuencia,*,d01_04,,**d01_04. Contactado o intentado contactar a un político o a un funcionario público para expresarle su opinión y/o demanda**,,,,,,,,,,
hide_label mc_width100 space_bottom_15,mc frecuencia,*,d01_05,,**d01_05. Donado dinero o recolectado fondos para una actividad social o política**,,,,,,,,,,
hide_label mc_width100 space_bottom_15,mc frecuencia,*,d01_06,,"**d01_06. Expresado su opinión política en redes sociales (Instagram, Tiktok, X, u otra)**",,,,,,,,,,
hide_label mc_width100 space_bottom_15,mc frecuencia,*,d01_07,,**d01_07. Participar en huelgas o paralizaciones en el lugar de trabajo**,,,,,,,,,,
,note,*,text_d02,,"**La gente puede pertenecer a diferentes grupos o asociaciones. Para cada grupo o asociación, por favor dígame si Ud. participa o ha participado**",,,,,,,,,,
space_bottom_15 mc_width100,mc_heading participacion,*,choice_listd02,,,,,,,,,,,,
hide_label mc_width100 space_bottom_15,mc participacion,*,d02_01,,"**d02_01. Juntas de vecinos u otra organización territorial (comité de aguas, comité de allegados, otros)**",,,,,,,,,,
hide_label mc_width100 space_bottom_15,mc participacion,*,d02_02,,**d02_02. Club deportivo o recreativo**,,,,,,,,,,
hide_label mc_width100 space_bottom_15,mc participacion,*,d02_03,,**d02_03. Organización religiosa o de iglesia**,,,,,,,,,,
hide_label mc_width100 space_bottom_15,mc participacion,*,d02_04,,"**d02_04. Agrupaciones culturales, artísticas o patrimoniales (grupo folclórico, de teatro, de música, de baile, de danza, otros)**",,,,,,,,,,
hide_label mc_width100 space_bottom_15,mc participacion,*,d02_05,,"**d02_05. Grupos de identidad cultural (asociaciones indígenas, círculos de inmigrantes, otros)**",,,,,,,,,,
hide_label mc_width100 space_bottom_15,mc participacion,*,d02_06,,"**d02_06. Agrupaciones juveniles o de estudiantes (scout, centros de alumnos, otros)**",,,,,,,,,,
hide_label mc_width100 space_bottom_15,mc participacion,*,d02_07,,"**d02_07. Agrupaciones de mujeres (centros de madres, talleres de mujeres, organizaciones de mujeres y/o género, otros)**",,,,,,,,,,
hide_label mc_width100 space_bottom_15,mc participacion,*,d02_08,,"**d02_08. Grupos de voluntariado (bomberos, damas de colores, cruz roja, voluntarios en instituciones de caridad, otros) o autoayuda en salud (de diabéticos, hipertensos, obesos, alcohólicos anónimos, personas con discapacidad, grupos asociados a otros problemas de salud)**",,,,,,,,,,
hide_label mc_width100 space_bottom_15,mc participacion,*,d02_09,,**d02_09. Partido político u otra agrupación ideológica**,,,,,,,,,,
hide_label mc_width100 space_bottom_15,mc participacion,*,d02_10,,"**d02_10. Sindicato, asociación gremial, colegio profesional u otra agrupación corporativa**",,,,,,,,,,
hide_label mc_width100 space_bottom_15,mc participacion,*,d02_11,,**d02_11. Centro de padres y apoderados**,,,,,,,,,,
hide_label mc_width100 space_bottom_15,mc participacion,*,d02_12,,**d02_12. Otra**,,,,,,,,,,
answer_below_label,text,*,d02_12_esp,d02_12==1|d02_12==2|d02_12==3,**d02_12_esp. Especifique**,,,,,,,,,,
mc_vertical answer_below_label,mc pocas_veces,*,d03,,"**d03. Cuando Ud. se reúne con sus amigos, parientes, vecinos o compañeros de trabajo, ¿con qué frecuencia conversan sobre política?**",,,,,,,,,,
,note,*,text_d04,,**Pensando en la relación con sus vecinos y vecinas. ¿Con qué frecuencia diría Ud. que realiza las siguientes acciones?**,,,,,,,,,,
space_bottom_15 mc_width100,mc_heading pocas_veces,*,choice_listd04,,,,,,,,,,,,
hide_label mc_width100 space_bottom_15,mc pocas_veces,*,d04_01,,"**d04_01. Se conecta con sus vecinos a través de las redes sociales (whatsapp, Facebook, u otra) para organizarse o discutir temas del barrio, edificio o condominio**",,,,,,,,,,
hide_label mc_width100 space_bottom_15,mc pocas_veces,*,d04_02,,**d04_02. Tiene conflictos o fuertes discusiones con algunos de sus vecinos**,,,,,,,,,,
hide_label mc_width100 space_bottom_15,mc pocas_veces,*,d04_03,,**d04_03. Recibe ayuda o usted ayuda algunos de sus vecinos/as**,,,,,,,,,,
hide_label mc_width100 space_bottom_15,mc pocas_veces,*,d04_04,,**d04_04. Se organiza con sus vecinos para celebrar o preparar actividades para las fiestas de fin de año o fiestas patrias**,,,,,,,,,,
hide_label mc_width100 space_bottom_15,mc pocas_veces,*,d04_05,,**d04_05. Se organiza con sus vecinos para cuidar las viviendas cuando quedan vacías **,,,,,,,,,,
,note,*,text_d05,,"**Durante el último año, Ud. ¿se ha organizado con sus vecinos para lograr algunos de los siguientes objetivos?**",,,,,,,,,,
space_bottom_15 mc_width100,mc_heading si_no,*,choice_listd05,,,,,,,,,,,,
hide_label mc_width100 space_bottom_15,mc si_no,*,d05_01,,"**d05_01. Mejorar pavimentación, veredas o iluminación del barrio, edificio o condominio**",,,,,,,,,,
hide_label mc_width100 space_bottom_15,mc si_no,*,d05_02,,"**d05_02. Postular a subsidios para adquirir, mejorar, ampliar o reparar viviendas**",,,,,,,,,,
hide_label mc_width100 space_bottom_15,mc si_no,*,d05_03,,**d05_03. Mejorar las plazas y áreas verdes**,,,,,,,,,,
hide_label mc_width100 space_bottom_15,mc si_no,*,d05_04,,"**d05_04. Construir o mejorar multicanchas, sedes sociales u otro equipamiento para su barrio**",,,,,,,,,,
hide_label mc_width100 space_bottom_15,mc si_no,*,d05_05,,"**d05_05. Realizar actividades artísticas y culturales en su barrio, edificio, condominio**",,,,,,,,,,
hide_label mc_width100 space_bottom_15,mc si_no,*,d05_06,,"**d05_06. Mejorar o reparar bienes comunes de su edificio o condominio (pasillos, escaleras, ascensores, jardines, etc.)**",,,,,,,,,,
,note,*,text_d06,,**¿Con qué frecuencia se informa sobre política en…?**,,,,,,,,,,
space_bottom_15 mc_width70,mc_heading dias,*,choice_listd06,,,,,,,,,,,,
hide_label mc_width70 space_bottom_15,mc dias,*,d06_01,,"**d06_01. Medios tales como televisión, radios o diarios (impreso o digital)**",,,,,,,,,,
hide_label mc_width70 space_bottom_15,mc dias,*,d06_02,,"**d06_02. Redes sociales (Instagram, TikTok, X, u otra)**",,,,,,,,,,
mc_vertical answer_below_label,mc interes,*,d07,,**d07. ¿Cuán interesado diría Ud. que está personalmente en la política?**,,,,,,,,,,
mc_vertical answer_below_label,mc pos_pol,*,d08,,**d08. En política las personas hablan de izquierda y derecha. ¿Dónde se ubicaría Ud. en una escala que va de 0 a 10 donde 0 representa izquierda y 10 representa derecha?**,,,,,,,,,,
,note,*,text_d09,,**¿Qué tan de acuerdo o en desacuerdo está Ud. con las siguientes afirmaciones?**,,,,,,,,,,
space_bottom_15 mc_width100,mc_heading likert_5,*,choice_listd09,,,,,,,,,,,,
hide_label mc_width100 space_bottom_15,mc likert_5,*,d09_01,,**d09_01. No creo que al gobierno le importe mucho lo que piensa la gente como yo**,,,,,,,,,,
hide_label mc_width100 space_bottom_15,mc likert_5,*,d09_02,,**d09_02. La mayor parte del tiempo podemos confiar que la gente que está en el gobierno hace lo correcto**,,,,,,,,,,
hide_label mc_width100 space_bottom_15,mc likert_5,*,d09_03,,**d09_03. La mayoría de los políticos están en la política sólo por los beneficios personales que pueden obtener de ella**,,,,,,,,,,
,note,*,text_d10,,"**Y, ¿qué tan de acuerdo o en desacuerdo está Ud. con las siguientes afirmaciones?**",,,,,,,,,,
space_bottom_15 mc_width100,mc_heading likert_5,*,choice_listd10,,,,,,,,,,,,
hide_label mc_width100 space_bottom_15,mc likert_5,*,d10_01,,**d10_01. Existen muchas formas legales en que los ciudadanos pueden influir con éxito en lo que hace el gobierno**,,,,,,,,,,
hide_label mc_width100 space_bottom_15,mc likert_5,*,d10_02,,"**d10_02. En nuestro sistema de gobierno, el pueblo tiene la última palabra sobre cómo se dirige el país, sin importar quién esté en el poder**",,,,,,,,,,
hide_label mc_width100 space_bottom_15,mc likert_5,*,d10_03,,"**d10_03. Si los funcionarios públicos (electos y no electos) no están interesados en escuchar lo que piensa la gente, realmente no hay forma de hacer que escuchen**",,,,,,,,,,
hide_label mc_width100 space_bottom_15,mc likert_5,*,d10_04,,**d10_04. Personas como yo no tienen ninguna influencia sobre lo que hace el gobierno**,,,,,,,,,,
,note,*,text_d11,,"**De la siguiente lista de actores, ¿cuánto cree Ud. que cada uno de ellos contribuyó a impulsar las leyes de conciliación trabajo y familia (Ley de 40 horas, Ley de Conciliación de la Vida Laboral, Familiar y Personal y Ley de Trabajo a Distancia (teletrabajo))?**",,,,,,,,,,
space_bottom_15 mc_width100,mc_heading poco,*,choice_listd11,,,,,,,,,,,,
hide_label mc_width100 space_bottom_15,mc poco,*,d11_01,,**d11_01. Los líderes políticos del gobierno**,,,,,,,,,,
hide_label mc_width100 space_bottom_15,mc poco,*,d11_02,,**d11_02. Los líderes políticos de la oposición**,,,,,,,,,,
hide_label mc_width100 space_bottom_15,mc poco,*,d11_03,,**d11_03. Los grandes empresarios**,,,,,,,,,,
hide_label mc_width100 space_bottom_15,mc poco,*,d11_04,,**d11_04. Los medios de comunicación**,,,,,,,,,,
hide_label mc_width100 space_bottom_15,mc poco,*,d11_05,,**d11_05. Los líderes y organizaciones sindicales**,,,,,,,,,,
hide_label mc_width100 space_bottom_15,mc poco,*,d11_06,,**d11_06. Los dirigentes de movimientos sociales**,,,,,,,,,,
,submit,*,send04,,Continuar,,,,,,,,,,
,note,*,mod6,,# **Módulo E. Demográficos II**,,,,,,,,,,
answer_below_label,"number 0,100,1",*,e09,,**e09. ¿Hace cuántos años empezó a trabajar en su empleo actual?**,,,,,,,,,,
mc_vertical answer_below_label,mc,*,e10,,**e10. Y en su empleo actual ¿Ud. tiene contrato de trabajo escrito?**,"Sí, firmó","Sí, pero no ha firmado",No tiene,No sabe o no se acuerda si firmó contrato,No sabe (no leer),No responde (no leer),,,,
mc_vertical answer_below_label,mc,*,e11,,**e11. ¿Qué tipo de contrato o acuerdo de trabajo tiene?**,Plazo indefinido,Plazo fijo,Por obra o faena,No sabe (no leer),No responde (no leer),,,,,
mc_vertical answer_below_label,mc,*,e12,,"**e12. Según su contrato de trabajo o el acuerdo con su empleador, ¿la jornada de trabajo normal es...?**",Jornada completa,Jornada parcial,Otra,No sabe (no leer),No responde (no leer),,,,,
answer_below_label,text,*,e13,,"**e13. ¿Cuál es el oficio, labor u ocupación que realizó la  semana pasada? Instrucción a encuestador(a): pedir que indique nombre completo del empleo y que facilite detalles, por ejemplo: recolector de frutas, profesor(a) de escuela de nivel secundario, enfermero(a) titulado(a), gerente de empresa, guardia de seguridad**",,,,,,,,,,
answer_below_label,text,*,e14,,"**e14. ¿Qué tareas realizó en esta ocupación? Instrucción a encuestador(a): pedir que facilite detalles, por ejemplo: recoger y transportar frutas; enseñar matemáticas; cuidar enfermos(as) y administrar medicamentos; administrar empresa de productos lácteos; vigilar y controlar la entrada a una empresa**",,,,,,,,,,
answer_below_label,"number 0,112,1",*,e15,,**e15. ¿Cuántas horas trabaja habitualmente por semana en su trabajo?**,,,,,,,,,,
mc_vertical answer_below_label,mc,*,e16,,**e16. ¿Estaría dispuesto a trabajar más horas a la semana?**,"Sí, ahora mismo","Sí, en otra época del año","Sí, cuando los/as hijos/as estén más grandes",No,No sabe (no leer),No responde (no leer),,,,
mc_vertical answer_below_label,mc rubro_actividad,*,e17,,"**e17. ¿A qué se dedica o qué hace el negocio, empresa o institución donde trabaja? Instrucción encuestador(a): Pedir que encuestado(a) indique el rubro de actividad a la que se dedica la empresa, negocio o institución que le paga su sueldo (si es subcontratado, considere la empresa en donde presta servicios). En caso de que la empresa o institución tenga múltiples actividades, se debe mencionar la actividad principal de la empresa.**",,,,,,,,,,
answer_below_label,text,*,e17_esp,e17==22,**e17_esp. Indicar cuál**,,,,,,,,,,
mc_vertical answer_below_label,mc,*,e18,,"**e18. Dentro de la empresa u organización donde Ud. trabaja, ¿qué frase describe mejor la posición que tiene Ud.?**","Gerente de nivel medio (tipo jefe de sector, oficina o sucursal)",Supervisor o capataz,Empleado u obrero regular (sin cargos de supervisión),,,,,,,
mc_vertical answer_below_label,mc si_no,*,e19,,"**e19. Como parte de su trabajo, ¿Ud. supervisa el trabajo de otros empleados o les dice a otros qué trabajo tienen que hacer?**",,,,,,,,,,
answer_below_label,number,*,e19_esp,e19==1,**e19_esp. ¿A cuántas personas?**,,,,,,,,,,
answer_below_label,note,*,text_e20,,"**Las siguientes preguntas tienen que ver con decisiones sobre distintos aspectos de su trabajo. En su trabajo, ¿qué tanta influencia tiene Ud…?**",,,,,,,,,,
space_bottom_15 mc_width100,mc_heading influencia,*,choice_liste20,,,,,,,,,,,,
hide_label mc_width100 space_bottom_15,mc influencia,*,e20_01,,**e20_01. Para sancionar a un empleado que no hizo su trabajo adecuadamente**,,,,,,,,,,
hide_label mc_width100 space_bottom_15,mc influencia,*,e20_02,,**e20_02. Para definir si se le da un aumento de sueldo a un empleado**,,,,,,,,,,
hide_label mc_width100 space_bottom_15,mc influencia,*,e20_03,,"**e20_03. Para proponer cambios en la forma de organizar el trabajo (ej., turnos o carga de trabajo)**",,,,,,,,,,
answer_below_label,number,*,e21,,"**e21. ¿Cuál es el ingreso mensual que Ud. recibe por su actividad laboral, ocupación u oficio? Instrucción encuestador(a): considere ingreso líquido, es decir, después de descuentos de impuestos, salud, previsión u otros. Si tiene más de una actividad laboral, considere la suma de ellas**",,,,,,,,,,
mc_vertical answer_below_label,mc Ingresos,*,e22,,"**e22. A continuación le presentamos un listado de rangos de ingreso. ¿Podría Ud. indicarme en cuál de ellos se encuentra considerando su ingreso líquido de su actividad o actividades laborales, es decir, su ingreso después de descuentos de impuestos, salud, previsión u otros?**",,,,,,,,,,
mc_vertical answer_below_label,mc,*,e23,,"**e23. Considerando su salario y el ingreso total de su hogar, ¿en qué medida pueden cubrir sus necesidades?**","Les alcanza bien, pueden ahorrar","Les alcanza justo, sin grandes dificultades","No les alcanza, tienen dificultades","No les alcanza, tienen grandes dificultades",No sabe (no leer),No responde (no leer),,,,
mc_vertical answer_below_label,mc ess,*,e24,,"**e24. En nuestra sociedad, hay grupos que tienden a ubicarse en los niveles más altos y grupos que tienden a ubicarse en los niveles más bajos de la sociedad. Usando la escala presentada, donde 0 es el nivel más bajo y 10 el nivel más alto, ¿dónde se ubicaría Ud. en la sociedad chilena?**",,,,,,,,,,
mc_vertical answer_below_label,mc clase,*,e25,,**e25. Algunas personas se describen a sí mismas como pertenecientes a una clase social. ¿Con cuál de las siguientes clases sociales se identifica Ud.?**,,,,,,,,,,